愛知県,名古屋市
愛知県,岡崎市
愛知県,一宮市
愛知県,春日井市
愛知県,豊橋市
愛知県,豊田市
愛知県,豊川市
愛知県,清須市
愛知県,瀬戸市
愛知県,北名古屋市
愛知県,小牧市
愛知県,あま市
愛知県,豊明市
愛知県,稲沢市
愛知県,刈谷市
愛知県,江南市
愛知県,尾張旭市
愛知県,西尾市
愛知県,知多市
愛知県,半田市
宮城県,仙台市
宮城県,富谷市
宮城県,多賀城市
宮城県,名取市
宮城県,大崎市
宮城県,角田市
宮城県,大和町
京都府,京都市
京都府,宇治市
京都府,長岡京市
京都府,京田辺市
京都府,亀岡市
広島県,広島市
広島県,福山市
広島県,東広島市
広島県,廿日市市
広島県,呉市
広島県,庄原市
埼玉県,さいたま市
埼玉県,川口市
埼玉県,所沢市
埼玉県,越谷市
埼玉県,川越市
埼玉県,草加市
埼玉県,春日部市
埼玉県,上尾市
埼玉県,戸田市
埼玉県,朝霞市
埼玉県,新座市
埼玉県,八潮市
埼玉県,狭山市
埼玉県,入間市
埼玉県,熊谷市
埼玉県,久喜市
埼玉県,和光市
埼玉県,富士見市
埼玉県,三郷市
埼玉県,ふじみ野市
埼玉県,桶川市
埼玉県,志木市
埼玉県,行田市
埼玉県,坂戸市
埼玉県,吉川市
埼玉県,川島町
神奈川県,横浜市
神奈川県,川崎市
神奈川県,相模原市
神奈川県,藤沢市
神奈川県,大和市
神奈川県,横須賀市
神奈川県,茅ヶ崎市
神奈川県,厚木市
神奈川県,平塚市
神奈川県,鎌倉市
静岡県,浜松市
静岡県,静岡市
静岡県,磐田市
静岡県,沼津市
静岡県,富士市
静岡県,焼津市
静岡県,袋井市
静岡県,伊東市
静岡県,藤枝市
静岡県,御殿場市
静岡県,三島市
千葉県,千葉市
千葉県,船橋市
千葉県,松戸市
千葉県,柏市
千葉県,市川市
千葉県,市原市
千葉県,八千代市
千葉県,佐倉市
千葉県,浦安市
千葉県,習志野市
千葉県,我孫子市
千葉県,流山市
千葉県,四街道市
千葉県,成田市
千葉県,木更津市
千葉県,印西市
千葉県,野田市
千葉県,袖ケ浦市
千葉県,鎌ケ谷市
千葉県,君津市
大阪府,大阪市
大阪府,堺市
大阪府,東大阪市
大阪府,枚方市
大阪府,吹田市
大阪府,豊中市
大阪府,茨木市
大阪府,八尾市
大阪府,高槻市
大阪府,守口市
大阪府,岸和田市
大阪府,寝屋川市
大阪府,箕面市
大阪府,和泉市
大阪府,大東市
大阪府,池田市
東京都,世田谷区
東京都,渋谷区
東京都,港区
東京都,新宿区
東京都,杉並区
東京都,大田区
東京都,江戸川区
東京都,目黒区
東京都,中央区
東京都,練馬区
東京都,足立区
東京都,江東区
東京都,品川区
東京都,中野区
東京都,豊島区
東京都,葛飾区
東京都,千代田区
東京都,台東区
東京都,板橋区
東京都,文京区
東京都,八王子市
東京都,町田市
東京都,墨田区
東京都,北区
東京都,荒川区
福岡県,福岡市
福岡県,北九州市
福岡県,久留米市
福岡県,大野城市
福岡県,筑紫野市
福岡県,志免町
福岡県,春日市
福岡県,古賀市
福岡県,糸島市
福岡県,宗像市
福岡県,太宰府市
福岡県,飯塚市
福岡県,行橋市
福岡県,小郡市
兵庫県,神戸市
兵庫県,西宮市
兵庫県,尼崎市
兵庫県,姫路市
兵庫県,明石市
兵庫県,宝塚市
兵庫県,伊丹市
兵庫県,加古川市
北海道,札幌市
北海道,函館市
北海道,苫小牧市
北海道,旭川市
北海道,恵庭市
北海道,北広島市
北海道,石狩市
北海道,北見市